<?xml version="1.0" encoding="UTF-8"?>
<addon id="plugin.video.discoveryplus" version="1.5.11+matrix.1" name="discovery+" provider-name="Dis90">
<requires>
  <import addon="xbmc.python" version="3.0.0"/>
  <import addon="script.module.requests" version="2.9.1"/>
  <import addon="script.module.inputstreamhelper" version="0.2.4"/>
  <import addon="inputstream.adaptive" version="2.6.1"/>
</requires>
<extension point="xbmc.python.pluginsource" library="addon.py">
  <provides>video</provides>
</extension>
<extension point="xbmc.service" library="pseudotv_recommended.py"/>
<extension point="xbmc.addon.metadata">
  <summary lang="en">discovery+</summary>
  <description lang="en"></description>
  <disclaimer lang="en"></disclaimer>
  <assets>
    <icon>resources/icon.png</icon> 
    <fanart>resources/fanart.png</fanart>
  </assets>
  <news></news>
</extension>
</addon>
