<?xml version="1.0" encoding="UTF-8"?>
<addon id="plugin.video.discoveryplus" version="1.6.0+matrix.1" name="discovery+" provider-name="Dis90">
<requires>
  <import addon="xbmc.python" version="3.0.0"/>
  <import addon="script.module.requests" version="2.9.1"/>
  <import addon="script.module.inputstreamhelper" version="0.2.4"/>
  <import addon="inputstream.adaptive" version="2.6.1"/>
</requires>
<extension point="xbmc.python.pluginsource" library="addon.py">
  <provides>video</provides>
</extension>
<extension point="xbmc.service" library="pseudotv_recommended.py"/>
<extension point="xbmc.addon.metadata">
  <summary lang="en">discovery+</summary>
  <description lang="en"></description>
  <disclaimer lang="en"></disclaimer>
  <assets>
    <icon>resources/icon.png</icon> 
    <fanart>resources/fanart.png</fanart>
  </assets>
  <news>
    v1.6.0+matrix.1 (13.12.2021)
    - Support for new API in European countries. You need to get new cookies from browser.
    - Updated player properties to same in all countries.
    v1.5.24+matrix.1 (14.9.2021)
    - Fixed season list when data contains empty collection
    v1.5.23+matrix.1 (19.8.2021)
    - New setting for only listing seasons in season listing (EU countries)
    - If setting for hiding non season categories from seasons page is enabled, you can enable setting for flatten TV show seasons if only one season (EU countries)
    v1.5.22+matrix.1 (14.8.2021)
    - Promoted items are now displayed (rows with large banner but no title) - European countries
    v1.5.21+matrix.1 (26.7.2021)
    - Fixed season list displaying wrong metadata in some European countries 
  </news>
</extension>
</addon>
